{
    "__comment": "Made with TheDestruc7i0n's advancements generator: https://advancements.thedestruc7i0n.ca",
    "display": {
        "title": {
            "text": "AutomatedQuarries"
        },
        "description": {
            "text": "Big Hole !!"
        },
        "icon": {
            "item": "minecraft:squid_spawn_egg",
            "nbt": "{CustomModelData:101}"
        },
        "frame": "task",
        "show_toast": true,
        "announce_to_chat": true,
        "hidden": false,
        "background": "minecraft:textures/gui/advancements/backgrounds/stone.png"
    },
    "criteria": {
        "impossible": {
            "trigger": "minecraft:impossible"
        }
    }
}