{
    "__comment": "Made with TheDestruc7i0n's advancements generator: https://advancements.thedestruc7i0n.ca",
    "display": {
        "title": {
            "text": "Beginning AutomatedQuarries"
        },
        "description": {
            "text": "Do not go down to the caves anymore"
        },
        "icon": {
            "item": "minecraft:squid_spawn_egg",
            "nbt": "{CustomModelData:101}"
        },
        "frame": "task",
        "show_toast": true,
        "announce_to_chat": true,
        "hidden": false
    },
    "criteria": {
        "impossible": {
            "trigger": "minecraft:impossible"
        }
    },
    "rewards": {
        "function": "datamod:advancements/automatedquarries"
    },
    "parent": "datamod:wither_skeleton_spawner"
}