{
    "__comment": "Made with TheDestruc7i0n's advancements generator: https://advancements.thedestruc7i0n.ca",
    "display": {
        "title": {
            "text": "Cave"
        },
        "description": {
            "text": "The cave are different. No?"
        },
        "icon": {
            "item": "minecraft:stone"
        },
        "frame": "task",
        "show_toast": true,
        "announce_to_chat": true,
        "hidden": false
    },
    "criteria": {
        "enter_cave": {
            "trigger": "minecraft:enter_block",
            "conditions": {
                "block": "minecraft:cave_air"
            }
        }
    },
    "requirements": [
        [
            "enter_cave"
        ]
    ],
    "parent": "datamod:bonsai_tree"
}