{
    "__comment": "Made with TheDestruc7i0n's advancements generator: https://advancements.thedestruc7i0n.ca",
    "display": {
        "title": {
            "text": "Collect wood"
        },
        "description": {
            "text": "Punch the trees"
        },
        "icon": {
            "item": "minecraft:oak_log"
        },
        "frame": "task",
        "show_toast": true,
        "announce_to_chat": true,
        "hidden": false
    },
    "criteria": {
        "have_oak_log": {
            "trigger": "minecraft:inventory_changed",
            "conditions": {
                "items": [
                    {
                        "item": "minecraft:oak_log"
                    }
                ]
            }
        },
        "have_birch_log": {
            "trigger": "minecraft:inventory_changed",
            "conditions": {
                "items": [
                    {
                        "item": "minecraft:birch_log"
                    }
                ]
            }
        },
        "have_spruce_log": {
            "trigger": "minecraft:inventory_changed",
            "conditions": {
                "items": [
                    {
                        "item": "minecraft:spruce_log"
                    }
                ]
            }
        },
        "have_jungle_log": {
            "trigger": "minecraft:inventory_changed",
            "conditions": {
                "items": [
                    {
                        "item": "minecraft:jungle_log"
                    }
                ]
            }
        },
        "have_acacia_log": {
            "trigger": "minecraft:inventory_changed",
            "conditions": {
                "items": [
                    {
                        "item": "minecraft:acacia_log"
                    }
                ]
            }
        },
        "have_dark_oak_log": {
            "trigger": "minecraft:inventory_changed",
            "conditions": {
                "items": [
                    {
                        "item": "minecraft:dark_oak_log"
                    }
                ]
            }
        }
    },
    "requirements": [
        [
            "have_oak_log",
            "have_birch_log",
            "have_spruce_log",
            "have_jungle_log",
            "have_acacia_log",
            "have_dark_oak_log"
        ]
    ],
    "parent": "datamod:root"
}