{
    "__comment": "Made with TheDestruc7i0n's advancements generator: https://advancements.thedestruc7i0n.ca",
    "display": {
        "title": {
            "text": "Ender spawner"
        },
        "description": {
            "text": "Infinite EnderPearl"
        },
        "icon": {
            "item": "minecraft:spawner"
        },
        "frame": "task",
        "show_toast": true,
        "announce_to_chat": true,
        "hidden": false
    },
    "criteria": {
        "have_soul": {
            "trigger": "minecraft:inventory_changed",
            "conditions": {
                "items": [
                    {
                        "item": "minecraft:emerald",
                        "nbt": "{mobtype:13s}"
                    }
                ]
            }
        }
    },
    "requirements": [
        [
            "have_soul"
        ]
    ],
    "parent": "datamod:altar_soul_shard"
}