{
    "__comment": "Made with TheDestruc7i0n's advancements generator: https://advancements.thedestruc7i0n.ca",
    "display": {
        "title": {
            "text": "Endgame"
        },
        "description": {
            "text": "Great you are finished the advancements. But there remains"
        },
        "icon": {
            "item": "minecraft:elytra"
        },
        "frame": "task",
        "show_toast": true,
        "announce_to_chat": true,
        "hidden": false
    },
    "criteria": {
        "impossible": {
            "trigger": "minecraft:impossible"
        }
    },
    "parent": "datamod:phantom_spawner"
}