{
    "__comment": "Made with TheDestruc7i0n's advancements generator: https://advancements.thedestruc7i0n.ca",
    "display": {
        "title": {
            "text": "Magnet"
        },
        "description": {
            "text": "Attract all around you items"
        },
        "icon": {
            "item": "minecraft:carrot_on_a_stick",
            "nbt": "{CustomModelData:50}"
        },
        "frame": "task",
        "show_toast": true,
        "announce_to_chat": true,
        "hidden": false
    },
    "criteria": {
        "have_magnet": {
            "trigger": "minecraft:inventory_changed",
            "conditions": {
                "items": [
                    {
                        "item": "minecraft:carrot_on_a_stick",
                        "nbt": "{CustomModelData:50}"
                    }
                ]
            }
        }
    },
    "requirements": [
        [
            "have_magnet"
        ]
    ],
    "parent": "datamod:collect_wood"
}