{
    "__comment": "Made with TheDestruc7i0n's advancements generator: https://advancements.thedestruc7i0n.ca",
    "display": {
        "title": {
            "text": "Beginning tekPack"
        },
        "description": {
            "text": "Description"
        },
        "icon": {
            "item": "minecraft:firework_rocket",
            "nbt": "{CustomModelData:3390001}"
        },
        "frame": "task",
        "show_toast": true,
        "announce_to_chat": true,
        "hidden": false
    },
    "criteria": {
        "have_tekpack_crafting_table": {
            "trigger": "minecraft:inventory_changed",
            "conditions": {
                "items": [
                    {
                        "item": "minecraft:firework_rocket",
                        "nbt": "{CustomModeData:3390001}"
                    }
                ]
            }
        }
    },
    "requirements": [
        [
            "have_tekpack_crafting_table"
        ]
    ],
    "rewards": {
        "function": "datamod:advancements/tekpack"
    },
    "parent": "datamod:enderman_spawner"
}