{
    "__comment": "Made with TheDestruc7i0n's advancements generator: https://advancements.thedestruc7i0n.ca",
    "display": {
        "title": {
            "text": "Battery Cell"
        },
        "description": {
            "text": "An upgrade of battery"
        },
        "icon": {
            "item": "minecraft:lime_dye",
            "nbt": "{CustomModelData:3390001}"
        },
        "frame": "task",
        "show_toast": true,
        "announce_to_chat": true,
        "hidden": false
    },
    "criteria": {
        "have_battery_cell": {
            "trigger": "minecraft:inventory_changed",
            "conditions": {
                "items": [
                    {
                        "item": "minecraft:lime_dye",
                        "nbt": "{CustomModelData:3390001}"
                    }
                ]
            }
        }
    },
    "requirements": [
        [
            "have_battery_cell"
        ]
    ],
    "parent": "tekpack:battery"
}