{
    "__comment": "Made with TheDestruc7i0n's advancements generator: https://advancements.thedestruc7i0n.ca",
    "display": {
        "title": {
            "text": "Gridwalk Block"
        },
        "description": {
            "text": "A decorative block"
        },
        "icon": {
            "item": "minecraft:firework_rocket",
            "nbt": "{CustomModelData:33900013}"
        },
        "frame": "task",
        "show_toast": true,
        "announce_to_chat": true,
        "hidden": false
    },
    "criteria": {
        "have_grid": {
            "trigger": "minecraft:inventory_changed",
            "conditions": {
                "items": [
                    {
                        "item": "minecraft:firework_rocket",
                        "nbt": "{CustomModelData:33900012}"
                    }
                ]
            }
        }
    },
    "requirements": [
        [
            "have_grid"
        ]
    ],
    "parent": "tekpack:root"
}