{
    "__comment": "Made with TheDestruc7i0n's advancements generator: https://advancements.thedestruc7i0n.ca",
    "display": {
        "title": {
            "text": "Controller"
        },
        "description": {
            "text": "Core of the system"
        },
        "icon": {
            "item": "minecraft:squid_spawn_egg",
            "nbt": "{CustomModelData:150}",
            "data": 0
        },
        "frame": "task",
        "show_toast": true,
        "announce_to_chat": true,
        "hidden": false
    },
    "requirements": [
        [
            "have_controller"
        ]
    ],
    "criteria": {
        "have_controller": {
            "trigger": "minecraft:inventory_changed",
            "conditions": {
                "items": [
                    {
                        "item": "minecraft:squid_spawn_egg",
                        "nbt": "{CustomModelData:150}"
                    }
                ]
            }
        }
    },
    "parent": "storage_solutions:storage_solutions_root"
}