{
    "__comment": "Made with TheDestruc7i0n's advancements generator: https://advancements.thedestruc7i0n.ca",
    "display": {
        "title": {
            "text": "Craft Wireless Terminal"
        },
        "description": {
            "text": "Wireless Terminal"
        },
        "icon": {
            "item": "minecraft:carrot_on_a_stick",
            "nbt": "{CustomModelData:150}"
        },
        "frame": "task",
        "show_toast": true,
        "announce_to_chat": true,
        "hidden": false
    },
    "criteria": {
        "have_wireless_terminal": {
            "trigger": "minecraft:inventory_changed",
            "conditions": {
                "items": [
                    {
                        "item": "minecraft:carrot_on_a_stick",
                        "nbt": "{CustomModelData:150}"
                    }
                ]
            }
        }
    },
    "requirements": [
        [
            "have_wireless_terminal"
        ]
    ],
    "parent": "storage_solutions:terminal"
}