{
    "__comment": "Made with TheDestruc7i0n's advancements generator: https://advancements.thedestruc7i0n.ca",
    "display": {
        "title": {
            "text": "Beginning AutomatedQuarries"
        },
        "description": {
            "text": "Do not go down to the caves anymore"
        },
        "icon": {
            "item": "minecraft:squid_spawn_egg",
            "nbt": "{CustomModelData:101}",
            "data": 0
        },
        "frame": "task",
        "show_toast": true,
        "announce_to_chat": true,
        "hidden": false
    },
    "rewards": {
        "function": "datamod:advancements/automatedquarries"
    },
    "requirements": [
        [
            "have_lapis_crafting_table"
        ]
    ],
    "criteria": {
        "have_lapis_crafting_table": {
            "trigger": "minecraft:inventory_changed",
            "conditions": {
                "items": [
                    {
                        "item": "minecraft:squid_spawn_egg",
                        "nbt": "{CustomModelData:100}"
                    }
                ]
            }
        }
    },
    "parent": "datamod_datapack:wither_skeleton_spawner"
}