{
    "__comment": "Made with TheDestruc7i0n's advancements generator: https://advancements.thedestruc7i0n.ca",
    "display": {
        "title": {
            "text": "Ghast spawner"
        },
        "description": {
            "text": "Cry poor ghast",
            "obfuscated": false
        },
        "icon": {
            "item": "minecraft:ghast_tear",
            "data": 0
        },
        "frame": "task",
        "show_toast": true,
        "announce_to_chat": true,
        "hidden": false
    },
    "requirements": [
        [
            "have_soul"
        ]
    ],
    "criteria": {
        "have_soul": {
            "trigger": "minecraft:inventory_changed",
            "conditions": {
                "items": [
                    {
                        "item": "minecraft:firework_rocket",
                        "nbt": "{mobtype:16s}"
                    }
                ]
            }
        }
    },
    "parent": "datamod_datapack:altar_soul_shard"
}