{
    "__comment": "Made with TheDestruc7i0n's advancements generator: https://advancements.thedestruc7i0n.ca",
    "display": {
        "title": {
            "text": "Blank Cast"
        },
        "description": {
            "text": "Blank Cast"
        },
        "icon": {
            "item": "minecraft:paper",
            "nbt": "{CustomModelData:1100}"
        },
        "frame": "task",
        "show_toast": true,
        "announce_to_chat": true,
        "hidden": false
    },
    "criteria": {
        "have_cast_blank": {
            "trigger": "minecraft:inventory_changed",
            "conditions": {
                "items": [
                    {
                        "item": "minecraft:paper",
                        "nbt": "{CustomModelData:1100}"
                    }
                ]
            }
        }
    },
    "parent": "tinkery:valve"
}