{
    "__comment": "Made with TheDestruc7i0n's advancements generator: https://advancements.thedestruc7i0n.ca",
    "display": {
        "title": {
            "text": "Horse Armor Cast"
        },
        "description": {
            "text": "Horse Armor Cast"
        },
        "icon": {
            "item": "minecraft:paper",
            "nbt": "{CustomModelData:1106}"
        },
        "frame": "task",
        "show_toast": true,
        "announce_to_chat": true,
        "hidden": false
    },
    "requirements": [
        [
            "have_cast_horse_armor"
        ]
    ],
    "criteria": {
        "have_cast_horse_armor": {
            "trigger": "minecraft:inventory_changed",
            "conditions": {
                "items": [
                    {
                        "item": "minecraft:paper",
                        "nbt": "{CustomModelData:1106}"
                    }
                ]
            }
        }
    },
    "parent": "tinkery:valve"
}