{
    "__comment": "Made with TheDestruc7i0n's advancements generator: https://advancements.thedestruc7i0n.ca",
    "display": {
        "title": {
            "text": "Valve"
        },
        "description": {
            "text": "Sink your ingot"
        },
        "icon": {
            "item": "minecraft:leather_horse_armor",
            "nbt": "{CustomModelData:1000}"
        },
        "frame": "task",
        "show_toast": true,
        "announce_to_chat": true,
        "hidden": false
    },
    "requirements": [
        [
            "have_valve"
        ]
    ],
    "criteria": {
        "have_valve": {
            "trigger": "minecraft:inventory_changed",
            "conditions": {
                "items": [
                    {
                        "item": "minecraft:leather_horse_armor",
                        "nbt": "{CustomModelData:1000}"
                    }
                ]
            }
        }
    },
    "parent": "tinkery:smeltery"
}